2024-04-05 22:05:23,SamExotic3
2024-04-05 22:05:23,WClementeIII
2024-04-05 22:05:23,amandatums
2024-04-05 22:05:23,citizensbank
2024-04-05 22:05:23,Arnno39
2024-04-05 22:05:23,VeloData
2024-04-05 22:05:23,BitwiseInvest
2024-04-05 22:05:23,ggscanlon
2024-04-05 22:05:23,WitnessCo_
2024-04-05 22:05:23,CybersecGirl1
2024-04-05 22:05:23,NotChaseColeman
2024-04-05 22:05:23,ZeroSync_
2024-04-05 22:05:23,fund_defi
2024-04-05 22:05:23,uchicago
2024-04-05 22:05:23,fcubedvc
2024-04-05 22:05:23,Karmedge
2024-04-05 22:05:23,velodata
2024-04-05 22:05:23,jito_labs
2024-04-05 22:05:23,zyn_addict
2024-04-05 22:05:23,k33cIjEcC3
2024-04-05 22:05:23,coinmetrics
2024-04-05 22:05:23,aosipovich
2024-04-05 22:05:23,valaratomics
2024-04-05 22:05:23,swanbitcoin
2024-04-05 22:05:23,libsoftiktok
2024-04-05 22:05:23,ChayaRaichik10
2024-04-05 22:05:23,channingpear
2024-04-05 22:05:23,ajh3_
2024-04-05 22:05:23,PrimordialAA
2024-04-05 22:05:23,babson
2024-04-05 22:05:23,FWBtweets
2024-04-05 22:05:23,Howlingmutant0
2024-04-05 22:05:23,nytechalliance
2024-04-05 22:05:23,casatay
2024-04-05 22:05:23,KarateCombat
2024-04-05 22:05:23,cyberfund_
2024-04-05 22:05:23,Chainforestxyz
2024-04-05 22:05:23,CIFonX
2024-04-05 22:05:23,fixkeyai
2024-04-05 22:05:23,sandhill_mkts
2024-04-05 22:05:23,segfaultdoctor
2024-04-05 22:05:23,HalberstramsTie
2024-04-05 22:05:23,carolineplz
2024-04-05 22:05:23,CryptosR_Us
2024-04-05 22:05:23,rain_thots
2024-04-05 22:05:23,LayerZero_Labs
2024-04-05 22:05:23,isaiah_p_taylor
2024-04-05 22:05:23,dcgco
2024-04-05 22:05:23,StevenMeiner
2024-04-05 22:05:23,bhpollack
2024-04-05 22:05:23,DuneAnalytics
2024-04-05 22:05:23,echodotxyz
2024-04-05 22:05:23,dgt10011
2024-04-05 22:05:23,stanford
2024-04-05 22:05:23,amedune
2024-04-05 22:05:23,FTI_US
2024-04-05 22:05:23,waltjsmith
2024-04-05 22:05:23,onlylarping
2024-04-05 22:05:23,InfluFightClub
2024-04-05 22:05:23,sophiamzaller
2024-04-05 22:05:23,MiamiBeachNews
2024-04-05 22:05:23,dragonfly_xyz
2024-04-05 22:05:23,defitechglobal
2024-04-05 22:05:23,zoomerfied
2024-04-05 22:05:23,jamestakami
2024-04-05 22:05:23,Rakhmonov1994
2024-04-05 22:05:23,morganstanley
2024-04-05 22:05:23,goldmansachs
2024-04-05 22:05:23,MoreFactories
2024-04-05 22:05:23,huttcap
2024-04-05 22:05:23,berniemoreno
2024-04-05 22:05:23,lane_at_swan
2024-04-05 22:05:23,HardTechMiami
2024-04-05 22:05:23,reflexivityres
2024-04-05 22:05:23,solana
2024-04-05 22:05:23,oneinterface
2024-04-05 22:05:23,LiquityProtocol
2024-04-05 22:05:23,robin_linus
2024-04-05 22:05:23,OpanyRichard
2024-04-08 16:33:34,segfaultdoctor
2024-04-08 16:33:34,ZeroSync_
2024-04-08 16:33:34,amandatums
2024-04-08 16:33:34,amedune
2024-04-08 16:33:34,NotChaseColeman
2024-04-08 16:33:34,ChayaRaichik10
2024-04-08 16:33:34,berniemoreno
2024-04-08 16:33:34,HalberstramsTie
2024-04-08 16:33:34,VeloData
2024-04-08 16:33:34,DuneAnalytics
2024-04-08 16:33:34,ggscanlon
2024-04-08 16:33:34,casatay
2024-04-08 16:33:34,SamExotic3
2024-04-08 16:33:34,fixkeyai
2024-04-08 16:33:34,Arnno39
2024-04-08 16:33:34,citizensbank
2024-04-08 16:33:34,echodotxyz
2024-04-08 16:33:34,cyberfund_
2024-04-08 16:33:34,libsoftiktok
2024-04-08 16:33:34,oneinterface
2024-04-08 16:33:34,solana
2024-04-08 16:33:34,nytechalliance
2024-04-08 16:33:34,carolineplz
2024-04-08 16:33:34,FWBtweets
2024-04-08 16:33:34,LayerZero_Labs
2024-04-08 16:33:34,zoomerfied
2024-04-08 16:33:34,FTI_US
2024-04-08 16:33:34,fabric_vc
2024-04-08 16:33:34,InfluFightClub
2024-04-08 16:33:34,HardTechMiami
2024-04-08 16:33:34,CIFonX
2024-04-08 16:33:34,nothingnyc
2024-04-08 16:33:34,robin_linus
2024-04-08 16:33:34,k33cIjEcC3
2024-04-08 16:33:34,rain_thots
2024-04-08 16:33:34,miaferrariii
2024-04-08 16:33:34,onlylarping
2024-04-08 16:33:34,bhpollack
2024-04-08 16:33:34,valaratomics
2024-04-08 16:33:34,dcgco
2024-04-08 16:33:34,coinmetrics
2024-04-08 16:33:34,CybersecGirl1
2024-04-08 16:33:34,WClementeIII
2024-04-08 16:33:34,jamestakami
2024-04-08 16:33:34,sandhill_mkts
2024-04-08 16:33:34,GetCohosts
2024-04-08 16:33:34,huttcap
2024-04-08 16:33:34,goldmansachs
2024-04-08 16:33:34,aosipovich
2024-04-08 16:33:34,swanbitcoin
2024-04-08 16:33:34,defitechglobal
2024-04-08 16:33:34,waltjsmith
2024-04-08 16:33:34,OpanyRichard
2024-04-08 16:33:34,CryptosR_Us
2024-04-08 16:33:34,MoreFactories
2024-04-08 16:33:34,Rakhmonov1994
2024-04-08 16:33:34,isaiah_p_taylor
2024-04-08 16:33:34,Chainforestxyz
2024-04-08 16:33:34,LiquityProtocol
2024-04-08 16:33:34,Howlingmutant0
2024-04-08 16:33:34,lane_at_swan
2024-04-08 16:33:34,velodata
2024-04-08 16:33:34,Karmedge
2024-04-08 16:33:34,PrimordialAA
2024-04-08 16:33:34,StevenMeiner
2024-04-08 16:33:34,reflexivityres
2024-04-08 16:33:34,channingpear
2024-04-08 16:33:34,morganstanley
2024-04-08 16:33:34,dgt10011
2024-04-08 16:33:34,babson
2024-04-08 16:33:34,WitnessCo_
2024-04-08 16:33:34,MiamiBeachNews
2024-04-08 16:33:34,jito_labs
2024-04-08 16:33:34,uchicago
2024-04-08 16:33:34,sophiamzaller
2024-04-08 16:33:34,fcubedvc
2024-04-08 16:33:34,zyn_addict
2024-04-08 16:33:34,KarateCombat
2024-04-08 16:33:34,BitwiseInvest
2024-04-08 16:33:34,stanford
2024-04-08 16:33:34,fund_defi
2024-04-08 16:33:34,WalkinEvents
2024-04-08 16:33:34,ajh3_
2024-04-08 16:33:34,dragonfly_xyz
2024-04-08 12:14:40,berniemoreno
2024-04-08 12:14:40,dragonfly_xyz
2024-04-08 12:14:40,Rakhmonov1994
2024-04-08 12:14:40,bhpollack
2024-04-08 12:14:40,lane_at_swan
2024-04-08 12:14:40,defitechglobal
2024-04-08 12:14:40,ajh3_
2024-04-08 12:14:40,jamestakami
2024-04-08 12:14:40,zyn_addict
2024-04-08 12:14:40,NotChaseColeman
2024-04-08 12:14:40,ggscanlon
2024-04-08 12:14:40,fixkeyai
2024-04-08 12:14:40,LiquityProtocol
2024-04-08 12:14:40,cyberfund_
2024-04-08 12:14:40,fund_defi
2024-04-08 12:14:40,babson
2024-04-08 12:14:40,segfaultdoctor
2024-04-08 12:14:40,waltjsmith
2024-04-08 12:14:40,channingpear
2024-04-08 12:14:40,OpanyRichard
2024-04-08 12:14:40,swanbitcoin
2024-04-08 12:14:40,Howlingmutant0
2024-04-08 12:14:40,coinmetrics
2024-04-08 12:14:40,isaiah_p_taylor
2024-04-08 12:14:40,KarateCombat
2024-04-08 12:14:40,aosipovich
2024-04-08 12:14:40,HardTechMiami
2024-04-08 12:14:40,Arnno39
2024-04-08 12:14:40,SamExotic3
2024-04-08 12:14:40,FWBtweets
2024-04-08 12:14:40,rain_thots
2024-04-08 12:14:40,casatay
2024-04-08 12:14:40,morganstanley
2024-04-08 12:14:40,sophiamzaller
2024-04-08 12:14:40,WClementeIII
2024-04-08 12:14:40,FTI_US
2024-04-08 12:14:40,nytechalliance
2024-04-08 12:14:40,LayerZero_Labs
2024-04-08 12:14:40,valaratomics
2024-04-08 12:14:40,uchicago
2024-04-08 12:14:40,WitnessCo_
2024-04-08 12:14:40,StevenMeiner
2024-04-08 12:14:40,zoomerfied
2024-04-08 12:14:40,libsoftiktok
2024-04-08 12:14:40,Chainforestxyz
2024-04-08 12:14:40,BitwiseInvest
2024-04-08 12:14:40,sandhill_mkts
2024-04-08 12:14:40,CybersecGirl1
2024-04-08 12:14:40,solana
2024-04-08 12:14:40,PrimordialAA
2024-04-08 12:14:40,onlylarping
2024-04-08 12:14:40,stanford
2024-04-08 12:14:40,reflexivityres
2024-04-08 12:14:40,amandatums
2024-04-08 12:14:40,MiamiBeachNews
2024-04-08 12:14:40,ChayaRaichik10
2024-04-08 12:14:40,DuneAnalytics
2024-04-08 12:14:40,k33cIjEcC3
2024-04-08 12:14:40,HalberstramsTie
2024-04-08 12:14:40,fcubedvc
2024-04-08 12:14:40,Karmedge
2024-04-08 12:14:40,dgt10011
2024-04-08 12:14:40,carolineplz
2024-04-08 12:14:40,InfluFightClub
2024-04-08 12:14:40,CIFonX
2024-04-08 12:14:40,CryptosR_Us
2024-04-08 12:14:40,amedune
2024-04-08 12:14:40,robin_linus
2024-04-08 12:14:40,citizensbank
2024-04-08 12:14:40,VeloData
2024-04-08 12:14:40,oneinterface
2024-04-08 12:14:40,huttcap
2024-04-08 12:14:40,velodata
2024-04-08 12:14:40,echodotxyz
2024-04-08 12:14:40,jito_labs
2024-04-08 12:14:40,ZeroSync_
2024-04-08 12:14:40,goldmansachs
2024-04-08 12:14:40,MoreFactories
2024-04-08 12:14:40,dcgco
2024-04-17 13:42:06,channingpear
2024-04-17 13:42:06,morganstanley
2024-04-17 13:42:06,PrimordialAA
2024-04-17 13:42:06,onlylarping
2024-04-17 13:42:06,SamExotic3
2024-04-17 13:42:06,waltjsmith
2024-04-17 13:42:06,Chainforestxyz
2024-04-17 13:42:06,NicoleShanahan
2024-04-17 13:42:06,fund_defi
2024-04-17 13:42:06,valaratomics
2024-04-17 13:42:06,babson
2024-04-17 13:42:06,coinmetrics
2024-04-17 13:42:06,FWBtweets
2024-04-17 13:42:06,citizensbank
2024-04-17 13:42:06,jplat12
2024-04-17 13:42:06,GetCohosts
2024-04-17 13:42:06,andrena_wifi
2024-04-17 13:42:06,EBITDAddyLBO
2024-04-17 13:42:06,Wharton
2024-04-17 13:42:06,CIFonX
2024-04-17 13:42:06,cyberfund_
2024-04-17 13:42:06,InfluFightClub
2024-04-17 13:42:06,Rakhmonov1994
2024-04-17 13:42:06,WitnessCo_
2024-04-17 13:42:06,BitwiseInvest
2024-04-17 13:42:06,dgt10011
2024-04-17 13:42:06,KarateCombat
2024-04-17 13:42:06,CryptosR_Us
2024-04-17 13:42:06,uchicago
2024-04-17 13:42:06,ChayaRaichik10
2024-04-17 13:42:06,goldmansachs
2024-04-17 13:42:06,monad_xyz
2024-04-17 13:42:06,OpanyRichard
2024-04-17 13:42:06,solana
2024-04-17 13:42:06,berniemoreno
2024-04-17 13:42:06,zoomerfied
2024-04-17 13:42:06,nothingnyc
2024-04-17 13:42:06,rain_thots
2024-04-17 13:42:06,StevenMeiner
2024-04-17 13:42:06,echodotxyz
2024-04-17 13:42:06,isaiah_p_taylor
2024-04-17 13:42:06,gunk4188
2024-04-17 13:42:06,VeloData
2024-04-17 13:42:06,dawninternet
2024-04-17 13:42:06,amandatums
2024-04-17 13:42:06,Caltech
2024-04-17 13:42:06,sophiamzaller
2024-04-17 13:42:06,MiamiBeachNews
2024-04-17 13:42:06,libsoftiktok
2024-04-17 13:42:06,MiamiBeachPD
2024-04-17 13:42:06,manueljgodoym
2024-04-17 13:42:06,fabric_vc
2024-04-17 13:42:06,moicanoufc
2024-04-17 13:42:06,segfaultdoctor
2024-04-17 13:42:06,MoreFactories
2024-04-17 13:42:06,jamestakami
2024-04-17 13:42:06,HardTechMiami
2024-04-17 13:42:06,WalkinEvents
2024-04-17 13:42:06,jito_labs
2024-04-17 13:42:06,Felixpago
2024-04-17 13:42:06,miaferrariii
2024-04-17 13:42:06,stanford
2024-04-17 13:42:06,ajh3_
2024-04-17 13:42:06,sandhill_mkts
2024-04-17 13:42:06,LayerZero_Labs
2024-04-17 13:42:06,LiquityProtocol
2024-04-17 13:42:06,AlpenLabs
2024-05-03 17:00:20,AylaDLyla
2024-05-03 17:00:20,jimmyfpe
2024-05-03 17:00:20,1j8cRtkkoN
2024-05-03 17:00:20,MerabDvalishvil
2024-05-03 17:00:20,camiinthisthang
2024-05-03 17:00:20,berachain
2024-05-03 17:00:20,ADhuna
2024-05-03 17:00:20,SenTpYnyEE
2024-05-08 17:10:46,NOX_ecosystem
2024-05-08 17:10:46,Real3UP
2024-05-08 17:10:46,Belly0x
2024-05-08 17:10:46,PlayOnOwned
2024-05-08 17:10:46,uBag67kgmQ
2024-05-09 17:05:34,friggeco
2024-05-09 17:05:34,whitestarcap
2024-05-09 17:05:34,jackchong_jc
2024-05-09 17:05:34,homedao_live
2024-05-09 17:05:34,uniofoxford
2024-05-15 13:42:21,ay_o
2024-05-15 13:42:21,cashapp
2024-05-15 13:42:21,Mli97Zp1T1
2024-05-15 13:42:21,carbonhealth
2024-05-15 13:42:21,canarymission
2024-05-20 19:52:43,avax
2024-05-20 19:52:43,karatecombat
2024-05-20 19:52:43,nW4eK7nCnH
2024-05-20 19:52:43,pres_awesome
2024-05-20 19:52:43,search?q=%24KARATE&src=cashtag_click
2024-05-20 21:38:29,dwr
2024-05-20 21:38:29,MOZ_Podcast
2024-05-20 21:38:29,fSrRx8hbzD
2024-05-20 21:38:29,antoniogm
2024-05-20 21:38:29,eriktorenberg
2024-05-20 21:38:29,turpentinemedia
2024-05-24 14:26:20,simanta_gautam
2024-05-24 14:26:20,alpenlabs
2024-05-24 20:22:23,thebostondao
2024-05-24 20:22:23,L1D_xyz
2024-05-24 20:22:23,cantinaxyz
2024-05-24 20:22:23,spearbitdao
2024-05-24 20:22:23,lakejynch
